,len_src,len_pls,wc_src,wc_pls
count,182753.0,48997.0,182753.0,48997.0
mean,209.25467160593806,338.7464538645223,31.629401432534625,52.61469069534869
std,290.0091651029916,315.1180994958155,44.23110352282011,48.7442904598019
min,0.0,30.0,0.0,2.0
25%,0.0,107.0,0.0,16.0
50%,84.0,252.0,14.0,39.0
75%,303.0,469.0,44.0,73.0
max,4703.0,4792.0,774.0,741.0
