{
  "avg_compression_ratio": 0.5000260297821273,
  "avg_fkgl_score": 18.322973956630708,
  "avg_flesch_reading_ease": -12.437016672115039,
  "avg_word_overlap_ratio": 0.5127782193958664,
  "avg_processing_time": 4.807326000000001,
  "total_processing_time": 24.036630000000002,
  "texts_processed": 5,
  "successful_generations": 5
}