{
  "non-PLS": {
    "precision": 0.8900701679778864,
    "recall": 0.8542857142857143,
    "f1-score": 0.8718108924294492,
    "support": 9800.0
  },
  "PLS": {
    "precision": 0.8599038555871676,
    "recall": 0.8944790284722931,
    "f1-score": 0.8768507402961184,
    "support": 9799.0
  },
  "accuracy": 0.8743813459870402,
  "macro avg": {
    "precision": 0.874987011782527,
    "recall": 0.8743823713790038,
    "f1-score": 0.8743308163627839,
    "support": 19599.0
  },
  "weighted avg": {
    "precision": 0.8749877813705771,
    "recall": 0.8743813459870402,
    "f1-score": 0.8743306877886764,
    "support": 19599.0
  }
}